<?xml version="1.0" encoding="utf-8"?>
<LinearLayout xmlns:android="http://schemas.android.com/apk/res/android"
    android:layout_width="match_parent"
    android:layout_height="match_parent"
    android:orientation="vertical"
    android:padding="16dp">

    <EditText
        android:id="@+id/et_movie_name"
        android:layout_width="match_parent"
        android:layout_height="wrap_content"
        android:hint="Enter Movie Name"
        android:minHeight="48dp" />

    <EditText
        android:id="@+id/et_movie_year"
        android:layout_width="match_parent"
        android:layout_height="wrap_content"
        android:hint="Enter Year"
        android:inputType="number"
        android:minHeight="48dp" />

    <EditText
        android:id="@+id/et_movie_rating"
        android:layout_width="match_parent"
        android:layout_height="wrap_content"
        android:hint="Enter Rating (1-5)"
        android:inputType="number"
        android:minHeight="48dp" />

    <Button
        android:id="@+id/btn_add_review"
        android:layout_width="match_parent"
        android:layout_height="wrap_content"
        android:text="Add Review"/>

    <ListView
        android:id="@+id/list_movies"
        android:layout_width="match_parent"
        android:layout_height="200dp"/>

    <TableLayout
        android:id="@+id/table_movie_details"
        android:layout_width="match_parent"
        android:layout_height="wrap_content"
        android:stretchColumns="1"
        android:visibility="gone">

        <TableRow>
            <TextView android:text="Movie Name:"/>
            <TextView android:id="@+id/tv_movie_name"/>
        </TableRow>

        <TableRow>
            <TextView android:text="Year:"/>
            <TextView android:id="@+id/tv_movie_year"/>
        </TableRow>

        <TableRow>
            <TextView android:text="Rating:"/>
            <TextView android:id="@+id/tv_movie_rating"/>
        </TableRow>
    </TableLayout>
</LinearLayout>
